{
    "apps": [
        {
            "name": "mywork",
            "cwd": "/Users/sizhijiang/Desktop/proj/node/vue/vue-upload",
            "script": "src/server/prod.js",
            "log_date_format": "YYYY-MM-DD HH:mm Z",
            "error_file": "log/node-app/node-app.stderr.log",
            "out_file": "log/node-app.stdout.log",
            "pid_file": "pids/node-geo-api.pid",
            "instances": 3,
            "min_uptime": "200s",
            "max_restarts": 10,
            "max_memory_restart": "1M",
            "cron_restart": "1 0 * * *",
            "watch": false,
            "merge_logs": true,
            "exec_interpreter": "node",
            "exec_mode": "fork",
            "autorestart": false,
            "vizion": false
        }
    ]
}